0,Tüketmeyi hemen bırakmanız gereken 4 şey,Sağlık
1,Fabrikada gaz sızıntısı: 36 kişi hastanelik oldu,Sağlık
2,Gece uyumayanların atardamar tıkanıklığına sahip olma ihtimali 2 kat daha yüksek,Sağlık
3,Acil servise başvuranların sayısı 2 katına çıktı: Virüs potpurisi nedir?,Sağlık
4,Prim borcu olan GSS'liler 2024'te sağlık hizmeti alabilecek,Sağlık
5,Hindistan'da çocuklara öksürük şurubu kısıtlaması,Sağlık
6,Acil servislerde yoğunluk: Her 100 kişiden 70'i grip,Sağlık
7,Kış geldi hastalıkları çoğaldı | Acile başvuru bir haftada yüzde 50 arttı,Sağlık
8,Bu ilaçları birlikte kullanmayın! Karaciğerinize zarar verebilir,Sağlık
9,Paramedikler Günü ne zaman kutlanır? (Paramedikler Günü mesajları),Sağlık
10,Bitkisel bazlı plastikler aktivistlerin iddia ettiğinin aksine doğada çözülmüyor,Sağlık
11,Kadınlarda bel kalınlığı arttıkça kısırlık ihtimali de artıyor,Sağlık
12,İlkokul çağındaki çocuklarda görülüyor: Gece terörü nedir?,Sağlık
13,Yeni covid alt varyantı JN.1'in 11 belirtisi,Sağlık
14,"Yılda 18 milyon insanın ölümünden sorumlu ""yüksek kolesterol"" için ucuz aşı geliştirildi",Sağlık
15,Elektronik sigara 34 ülkede yasaklandı: DSÖ'ye göre normal sigara kadar zararlı,Sağlık
16,"Yapay zeka otizmi basit bir ""göz taraması"" ile yüzde 100 doğru tespit edebiliyor",Sağlık
17,Sosyal medya tehlikesi: İlacı reddedip bitki kullanıyorlar,Sağlık
18,Yaşam tarzınız sizi ele veriyor: Ne kadar iyi yaşlanıyorsunuz?,Sağlık
19,"Amitriptilin nedir, ne işe yarar? Amitriptilin neden kullanılır?",Sağlık
20,Yeni araştırma kira artışlarının erken ölüme neden olduğunu öne sürdü sürdü,Sağlık
21,"ABD'li ilaç şirketine, yüz tanıma teknolojisini kötüye kullandığı için ceza",Sağlık
22,DSÖ'den Covid-19'un alt varyantına ilişkin karar,Sağlık
23,Çikolatanın orta yaşlı kadınların mutluluğuna etkisi kanıtlandı,Sağlık
24,"Yıldız Tilbe'den yoğun bakım açıklaması: ""Hastanedekini tanımıyorum""",Sağlık
25,"Celine Dion'un ""Katı insan sendromu"" savaşı: Kardeşi en büyük hayalinin sahnelere geri dönmek olduğunu söyledi",Sağlık
26,BioNTech Afrika'daki ilk aşı fabrikasını açtı,Sağlık
27,Tahtaya sürtünen tırnak seslerinden neden rahatsız olduğumuz bulundu,Sağlık
28,Günde 3 bin yeni vaka: Obezitenin İngiltere'ye maliyeti 100 milyar sterlin,Sağlık
29,Almanya Başbakanı Scholz Covid-19'a yakalandı,Sağlık
30,Sosyal medya uyku sorunlarını tetikliyor,Sağlık
31,Bahçe ile uğraşmak felç ve bunama riskini azaltıyor,Sağlık
32,Ruhu da tedavi eden yöntemler,Sağlık
33,"Bilim insanları açıkladı: ""Beyin ölümü"" gerçekleşmeden tespit edilip engellenebilecek",Sağlık
34,Sosyal medyada anonim olmak ciddi ruhsal sorunlara işaret ediyor olabilir,Sağlık
35,NASA'ya göre yatak odanızdaki bitkiler sağlığınız için çok önemli,Sağlık
36,"Abur cubur sevgisinin nedeni ""Kara Ölüm"" olabilir",Sağlık
37,"Eskişehir'de tümör ameliyatı sonrası ölümde ""doktor ihmali"" iddiasına soruşturma",Sağlık
38,"Çocuklarda RSV vakaları arttı (RSV nasıl bulaşır, belirtileri neler?)",Sağlık
39,Türkiye'de her 100 çocuktan 14'ünde migren var,Sağlık
40,Yaşar Okuyan kimdir? Siyasetçi Yaşar Okuyan kaç yaşında ve sağlık durumu nasıl?,Sağlık
41,"Botoks hayati sorunlara neden olabilir | ""Hastalarda nörolojik muayene yapamıyoruz""",Sağlık
42,DSÖ'den elektronik sigara için acil eylem çağrısı,Sağlık
43,Gece uyumayanların tip 2 diyabete yakalanma riski daha yüksek,Sağlık
44,"Maymun çiçeği virüsü (Mpox) nedir, nasıl bulaşır? Maymun çiçeği virüsü belirtileri",Sağlık
45,Akdeniz diyetinin sırları,Sağlık
46,Hastalık hastalarına kötü haber: Daha erken ölüyorlar,Sağlık
47,Uzman önerisi: Çıplak uyumak daha sağlıklı,Sağlık
48,10 adımda dengeli beslenme,Sağlık
49,Yürümek kadınlarda meme kanseri riskini yüzde 10 azaltıyor,Sağlık
50,Grip neden uzun sürüyor? Geçmeyen öksürüğe ne iyi gelir? (Uzman yanıtı),Sağlık
51,"Minik Mateo, beynindeki tümörden Türkiye'de kurtuldu",Sağlık
52,Ender Saraç'ın eşi Benan Kurtuluş Saraç kimdir?,Sağlık
53,"Ramsay hunt sendromu nedir, neden olur? Ramsay hunt sendromu belirtileri?",Sağlık
54,Diyet ve egzersiz tek başına yeterli değildir!,Sağlık
55,Bozuk kavun 8 kişiyi öldürdü | Salmonella nedir?,Sağlık
56,Mahkeme SGK'yı haksız buldu: Sağlık erişimi engellenemez,Sağlık
57,Kan testiyle hızlı ve yavaş yaşlanan organlar tespit edilebilir,Sağlık
58,"Araştırma: Eşlerden birinde hipertansiyon olması, diğerinde de görülme ihtimalini artırıyor",Sağlık
59,Elektronik vaka sistemi: 17 saniyede olay yeri bulunuyor,Sağlık
60,Bıçak parası adı altında rüşvet: Polisin gizli kamerası belgeledi,Sağlık
61,DSÖ'den alkol ve şekerli içeceklerin vergilerinin artırılması çağrısı,Sağlık
62,ABD'de köpekler arasında salgın: Yeni bakteri türü şüphesi,Sağlık
63,Anne ve babası işitme engelli olan Yusufhan'ın SMA mücadelesi,Sağlık
64,Türk doktor tıp literatürüne girdi: Yaraları hızlı iyileştiren teknik,Sağlık
65,Deprem bölgesinde sağlığa erişim uygulamasının süresi uzatıldı,Sağlık
66,İşte sağlıklı kızartma için 5 ipucu,Sağlık
67,Tıpta çığır açacak çalışma: Biyorobotlar iyileştirecek,Sağlık
68,Tıpta yeni bir çağın başlangıcı mı?,Sağlık
69,Pıhtı tehlikesine dikkat!,Sağlık
70,Çocuklarda kulak ağrısına dikkat! Uzmanlar bilinçsiz tedavilere karşı uyarıyor,Sağlık
71,Türkiye'de AIDS 8-10 kat arttı,Sağlık
72,"""AIDS Türkiye'de 8-10 kat arttı""",Sağlık
73,Doğum sırasında annenin vücudunda unutulan gazlı beze inceleme,Sağlık
74,"Mükemmel bir cildin yaşı, zamanı, mevsimi yok!",Sağlık
75,Bugün 1 Aralık Dünya AIDS günü: Dünya AIDS Günü mesajları,Sağlık
76,Karabük'te tavuk döner 13 kişiyi hastanelik etti,Sağlık
77,DSÖ: 2022'de dünya genelinde 249 milyon sıtma vakası görüldü,Sağlık
78,HIV tamamen önlenebilir: Umut veren ilaç,Sağlık
79,HIV'de umut veren ilaç,Sağlık
80,Sağlık sigortası borcuna af geliyor  (GSS borcuna af gelecek),Sağlık
81,Kocaeli'de yanlış teşhisle iki memesinin alınan kadına tazminat ödenecek,Sağlık
82,Baba ve oğlu demir sopayla sağlık çalışanlarına saldırdı,Sağlık
83,Aralık ayında hangi balıklar yenir? İşte kasım ayında en lezzetli balıklar,Sağlık
84,Endişelendiren virüs: İlk kez bir insanda görüldü,Sağlık
85,DSÖ'den ''acil eylem'' çağrısı,Sağlık
86,Edirne'de doktor ve sağlıkçıya silahlı tehdit anları kamerada,Sağlık
87,"Herediter anjioödem nedir, neden olur? Herediter anjioödem belirtileri nelerdir?",Sağlık
88,Uzmanlara göre seyahat kabızlığına neden olan 4 durum,Sağlık
89,Türkiye'de somatizasyon raporu: 100 kişiden 37'sinde aşırı hastalık kaygısı var,Sağlık
90,Prof. Dr. Uğur Şahin kanser aşısı için tarih verdi,Sağlık
91,Kainat güzeline Bodrum'da yanlış operasyon iddiası! Bağırsağı yırtıldı,Sağlık
92,Erken yaşta diyabet hastanın ömrünü kısaltıyor,Sağlık
93,Antibiyotikten ölüm kanseri geçecek,Sağlık
94,DSÖ: Sudan'da 11 milyon kişi acil sağlık yardımına muhtaç,Sağlık
95,"Zerrin Özer'in hastalığı borderline kişilik bozukluğu (BPD) nedir, belirtileri neler?",Sağlık
96,Çin'de gizemli zatürre vakaları yayılıyor,Sağlık
97,Diş sağlığında sosyal medya etkisi: Estetik uğruna bozuyorlar,Sağlık
98,"Pasif içicilerde yüksek ""akciğer kanseri"" riski",Sağlık
99,Avrupa HIV Test Farkındalığı Haftası Türkiye'de de hayata geçiriliyor,Sağlık
100,Manchester United kulübün yüzde 25'inin satışı için Jim Ratcliffe ile anlaştı,Spor
101,Galatasaray'da Torreira ve Boey Fenerbahçe'de İrfan Can cezalı duruma düştü,Spor
102,Bandırmaspor'da teknik direktör Taner Taşkın ile yollar ayırdı,Spor
103,Fenerbahçe'de İsmail Kartal’dan 4 değişiklik,Spor
104,6 gol ve 1 kırmızı kartın çıktığı maçın sonunda ortalık karıştı,Spor
105,"Atakaş Hatayspor-Beşiktaş maçı ne zaman, saat kaçta ve hangi kanalda?",Spor
106,Şanlıurfa'da maç esnasında dili boğazına kaçan futbolcu hastaneye kaldırıldı,Spor
107,Okan Buruk: Stada girerken provokasyon vardı,Spor
108,Fenerbahçe-Galatasaray derbisinde golsüz beraberlik,Spor
109,Galatasaray taraftarı derbi için Kadıköy'e gitti,Spor
110,Süper Lig'de 18. hafta: Kasımpaşa'nın konuğu Çaykur Rizespor,Spor
111,"Pendikspor, Süper Lig'de Ankaragücü'nü ağırlayacak",Spor
112,"FIFA'dan Türk futboluna 9,8 milyon dolarlık destek",Spor
113,Hatayspor ile Beşiktaş 7. randevuda,Spor
114,Denizlispor'da kaptan dalya dedi,Spor
115,Vanspor-Bursaspor maçı ertelendi,Spor
116,Büyük Atatürk Koşusu yapıldı,Spor
117,"Potada derbi: Galatasaray, Beşiktaş'ı yendi",Spor
118,Adana Demirsporlu Andreaw Gravillon mektup göndererek sözleşmesini feshetti,Spor
119,Trabzonspor 2023'ü 30 puanla kapadı,Spor
120,Başkanlar kesenin ağzını açtı: Fenerbahçe ve Galatasaray'da derbiye özel prim,Spor
121,Beşiktaş'ın Hatayspor kamp kadrosu açıklandı: 5 eksik,Spor
122,Fenerbahçe-Galatasaray derbisinin VAR hakemi belli oldu,Spor
123,"Bucks, galibiyet serisine devam etti",Spor
124,"""Zirvede yer yerinden oynayacak"" (24 Aralık spor manşetleri)",Spor
125,Spor camiasından teröre tepki,Spor
126,Trabzonspor ile Başakşehir puanları paylaştı,Spor
127,Çağlar Söyüncü 4 dakikada kırmızı kart gördü,Spor
128,Rebeca Welch Premier Lig tarihine geçti,Spor
129,Wout Weghorst: Çok şey kaybettim,Spor
130,Manchester United galibiyete hasret kaldı,Spor
131,"Gaziantep, Karagümrük karşısında 3 puana 3 golle ulaştı",Spor
132,"Sivassporlu Manaj, gol sayısını 9’a yükseltti",Spor
133,"Ole Gunnar Solskjaer, Beşiktaş'ın teklifine yanıt verdi",Spor
134,"Hakan Yakın: ""Son dakikalarda gol yememiz ve kaybetmemiz üzücü""",Spor
135,"Servet Çetin: ""İyi bir galibiyet oldu""",Spor
136,Arda Güler ne zaman oynayacak? Gözler o maça çevrildi,Spor
137,"Sivasspor, ligde iç sahada ilk galibiyetini aldı",Spor
138,EuroLeague'de haftanın en değerlisi Teodosic,Spor
139,Galatasaray'da derbi öncesi Angelino gelişmesi,Spor
140,Ertuğrul Doğan'dan Bakasetas açıklaması: Sözleşmeyi kabul etmedi,Spor
141,Kenan Yıldız Serie A'da ilk golünü attı,Spor
142,Beşiktaş Başkanı Hasan Arat'tan teknik direktör mesajı,Spor
143,"Antalyaspor, Adana Demirspor maçına hazır",Spor
144,Fenerbahçe ile Galatasaray 398. randevuda,Spor
145,Yüksel Yıldırım: Samsunspor ligde kalacaktır,Spor
146,Beşiktaş'tan Anıtkabir'e ziyaret,Spor
147,Allegri'den Kenan Yıldız kararı: İlk kez 11 başlıyor,Spor
148,"""Fenerbahçe-Galatasaray derbisini yapay zekaya sordular!"" (22 Aralık 2023 spor manşetleri)",Spor
149,Riva'da kritik zirve,Spor
150,Fenerbahçe'de derbi öncesi Edin Dzeko gelişmesi,Spor
151,Davinson Sanchez ve Hakim Ziyech derbide oynayacak mı?,Spor
152,Ankaragücü'nden Tahkim Kurulu'na Faruk Koca itirazı,Spor
153,Beşiktaş PFDK'ya sevk edildi,Spor
154,Messi ve Suarez yeniden buluşuyor,Spor
155,"Josef de Souza'dan mesaj: ""Geri geliyorum""",Spor
156,Fenerbahçe - Galatasaray derbisinin hakemi belli oldu,Spor
157,Beşiktaş'a CAS'tan ceza: 2 milyon euro tazminat ödeyecek,Spor
158,Beşiktaş'ta teknik direktör kim olacak? İşte öne çıkan adaylar,Spor
159,"Rıza Çalımbay: ""Maç esnasında avukatıma fesih kağıdı yolladılar""",Spor
160,Beşiktaş'ta Alex Oxlade-Chamberlain sezonu kapattı,Spor
161,"Basketbolda vize krizi: Bursaspor, London Lions'a 5 oyuncuyla gitti",Spor
162,Türk basketbolcular vizeye yenildi: 5 oyuncuyla İngiltere'ye gittiler,Spor
163,Eric Bailly'e eski takımı talip oldu,Spor
164,Halı saha maçında ortalık savaş alanına döndü!,Spor
165,Bursaspor Kadın Basketbol vize sorunu yaşadığı için İngiltere'ye 5 oyuncuyla gitti,Spor
166,Samsunspor'a 2 dönem transfer yasağı,Spor
167,Beşiktaş'ın yeni teknik direktör adayları belli oldu,Spor
168,NBA'de Bucks üst üste 6. galibiyetini aldı,Spor
169,Galatasaray'ın Kadıköy karnesi,Spor
170,Fenerbahçe'ye Eljif Elmas piyangosu: Yeni adresi belli oldu,Spor
171,Davinson Sanchez derbide oynayacak mı?,Spor
172,Zorbay Küçük'ün Fred raporu ortaya çıktı,Spor
173,"""Türk futbolunda kaos yaratmak istiyorlar"" (22 Aralık 2023 spor manşetleri)",Spor
174,PFDK sevkleri açıklandı,Spor
175,Beşiktaş evinde Alanyaspor'a kaybetti,Spor
176,Avrupa Süper Ligi nedir?,Spor
177,Derbinin kaderi kalecilerin ellerinde,Spor
178,Olimpiyat kıyafetleri Türkiye'den,Spor
179,Galatasaray taraftarı 3 yıl sonra Fenerbahçe deplasmanına gidecek,Spor
180,"Fenerbahçe, Galatasaray derbisi hazırlıklarına başladı",Spor
181,Menemen FK Yılmaz Vural'la yükselişe geçti,Spor
182,"Avrupa Süper Ligi nedir, nasıl olacak, ne zaman başlayacak?",Spor
183,FIFA dünya sıralaması: A Milli Futbol Takımı'nın yeri değişmedi,Spor
184,"Avrupa Süper Ligi için karar: ""UEFA'nın futboldaki tekeli bitti""",Spor
185,Fenerbahçe - Galatasaray derbisi için seyirci kararı,Spor
186,Trabzonspor ve Türk futboluna ömrünü adayan Özkan Sümer anılıyor: Özkan Sümer kimdir?,Spor
187,Fenerbahçe-Galatasaray derbisi öncesi başkanlar Ali Koç ve Dursun Özbek'in derbi karnesi,Spor
188,Küçükçekmece'de spor kulübü başkanına saldırı kamerada,Spor
189,Olaylı maç sonrası gözler PFDK'da: Bursaspor'dan kadro dışı kararı,Spor
190,Galatasaray evindeki yenilmezlik serisini 25’e çıkardı,Spor
191,2023 FIFA Kulüpler Dünya Kupası finaline geri sayım: Manchester City ile Fluminense karşılaşacak,Spor
192,"Fenerbahçe derbi öncesi 2 oyuncusunu kaybetti: Fred, Süper Kupa'da oynayabilecek mi?",Spor
193,Beşiktaş'ın konuğu Alanyaspor: Muhtemel 11,Spor
194,"Galatasaray, derbi öncesi hata yapmadı, Karagümrük'ü tek golle geçti",Spor
195,"Galatasaray, FIBA EuroCup Women son 16 turuna adını yazdırdı",Spor
196,"Fenerbahçe, Kayseri'de 3 puanı aldı, zirvedeki yerini korudu",Spor
197,"Bursaspor-Diyarbekirspor maçında futbolcular birbirine girdi: 6 kırmızı kart, 1 gözaltı",Spor
198,"Manisa FK, Boluspor'a konuk oluyor",Spor
199,Bursaspor-Diyarbekirspor maçında futbolcular birbirine girdi: O anlar kamerada,Spor
200,Resme ilk baktığınızda hangi hayvanı gördünüz?,Teknoloji
201,"""Kriptoya vakit harcamıyorum""",Teknoloji
202,El Salvador'da Bitcoin ile vatandaşlık dönemi,Teknoloji
203,"GTA 6 ne zaman çıkacak, nasıl olacak?",Teknoloji
204,Binalardaki deprem hasarını önceden ölçen teknoloji geliştirildi,Teknoloji
205,GTA 6'yı sızdıran hacker ömür boyu hastane hapsine çarptırıldı,Teknoloji
206,Çin'in taykonot ekibi Uzay'da ilk yürüyüşü yaptı,Teknoloji
207,Küresel rüzgar enerjisi kurulu gücü 140 gigavatı geçecek,Teknoloji
208,iPhone 16'nın görüntüleri sızdırıldı: Apple'dan yeni eylem düğmesi,Teknoloji
209,Facebook ve Instagram Filistin'e destek mesajlarına sansür uyguluyor,Teknoloji
210,"Türkiye, patent başvurularında dünyada ilk sıraları hedefliyor",Teknoloji
211,"Yapay zeka, fiziksel beceri oyununda bir insanın rekorunu kırdı",Teknoloji
212,GTA 6 ilk resmi ödülünü aldı,Teknoloji
213,"Resident Evil 4, Apple cihazlar için çıkış yaptı",Teknoloji
214,"Yapay zeka otizmi basit bir ""göz taraması"" ile yüzde 100 doğru tespit edebiliyor",Teknoloji
215,Apple Vision Pro'nun çıkış tarihi belli oldu,Teknoloji
216,SON DAKİKA HABERİ: Twitter'daki (X) erişim sıkıntısı giderildi,Teknoloji
217,Bayraktar TB3'ten yeni rekor,Teknoloji
218,"PlayStation 5, 50 milyon adet satışa ulaştı",Teknoloji
219,2023'ün en kötü oyunu belli oldu,Teknoloji
220,Rusya'dan Google'a 51 milyon dolarlık ceza,Teknoloji
221,Max Payne'e ses veren aktör James McCaffrey hayatını kaybetti,Teknoloji
222,"Rockstar Games'in zorlu çalışma koşulları: ""Haftada 100 saat mesai yapıyorduk""",Teknoloji
223,"ABD'li ilaç şirketine, yüz tanıma teknolojisini kötüye kullandığı için ceza",Teknoloji
224,iPhone'ların batarya ömrü nasıl uzatılır?,Teknoloji
225,Jeff Bezos'un uzay şirketi Blue Origin New Shepard roketini başarıyla fırlattı,Teknoloji
226,WhatsApp'a yeni özellik: Video ve müzik eş zamanlı paylaşılacak,Teknoloji
227,"3 aydır nehrin dibinde kalan iPhone, şarja takıldığında tekrar çalıştı",Teknoloji
228,Death Stranding Director's Cut'ın Apple için çıkış tarihi ertelendi,Teknoloji
229,NASA 31 milyon kilometre öteden kedi videosu gönderdi,Teknoloji
230,"Blue Origin, New Sheppard roketini fırlattı",Teknoloji
231,Tesla'nın otopilotu 2 can aldı: ABD savcılarından sürücüye tazminat cezası,Teknoloji
232,iyzico’nun yeni nesil ofisi iyzicoHUB açıldı,Teknoloji
233,2023'ün en iyi 5 Android cihazı belli oldu,Teknoloji
234,Bilim insanları bir balina ile 20 dakika süren iletişim kurduklarını açıkladı,Teknoloji
235,"NASA, 31 milyon kilometre uzaklıktan Dünya'ya kedi videosu gönderdi",Teknoloji
236,Wolverine oyununun görüntüleri sızdırıldı,Teknoloji
237,Ezeli rakipler dava için birleşti,Teknoloji
238,The Last of Us'ın çok oyunculu projesi iptal edildi,Teknoloji
239,"NASA, James Webb Uzay teleskobuyla çekilen Uranüs'ün yeni görüntülerini yayınladı",Teknoloji
240,"Türünün ilk örneği: Yapay zeka, kendi yapay zekasını yaratıyor",Teknoloji
241,Mark Zuckerberg 100 milyon dolarlık sığınak inşa ediyor,Teknoloji
242,"Apple, akıllı saatlerin satışını durdurdu",Teknoloji
243,"AB, X/Twitter'a resmi soruşturma başlattı",Teknoloji
244,Akademisyen Zeliha Burtek kimdir?Sosyal medya sokak röportajındaki açıklamalarıyla gündem olan Zeliha Burtek'i konuşuyor,Teknoloji
245,"İngiltere, 2027'den itibaren ithal ürünlere karbon vergisi uygulayacak",Teknoloji
246,Sosyal medya uyku sorunlarını tetikliyor,Teknoloji
247,Dubai'de en hızlı scooterlar yarıştı,Teknoloji
248,"Google Android deprem uyarı sistemi nedir, nasıl açılır?",Teknoloji
249,NASA 1 milyar dolarlık kargoyu açamıyor,Teknoloji
250,"Çinli özel şirket i-Space, ""SQX-1 Y7"" roketiyle kargo kapsülü fırlattı",Teknoloji
251,"Güneş patlaması nedir, neden olur? Güneş patlamasının olası etkileri",Teknoloji
252,Son yılların en büyük Güneş patlaması: Radyo sinyallerini devre dışı bıraktı,Teknoloji
253,"Abur cubur sevgisinin nedeni ""Kara Ölüm"" olabilir",Teknoloji
254,"Çin, uzaktan algılama özellikli Yaogan-41 uydusunu fırlattı",Teknoloji
255,Satürn'ün uydusunda yaşam için gerekli bileşen keşfi,Teknoloji
256,"Türkiye’nin ilk uzay yolcusu Alper Gezeravcı kimdir, uzaya ne zaman gidecek?",Teknoloji
257,"Tesla'nın yeni robotu ""Optimus II"" insansı elleri ile yumurta haşlayabiliyor",Teknoloji
258,Uzmanı açıkladı: Yenilikçi teknolojiyle 1 seansta 7 bin 500 saç teli nakli yapabiliyoruz,Teknoloji
259,"Yapay zeka Chat GPT ""2023'te bilimi şekillendiren isimler"" listesinde",Teknoloji
260,AB yüksek mahkemesi Amazon'un vergi borcunu iptal etti,Teknoloji
261,NASA'nın uzay aracı Voyager 1'in Dünya ile bağlantısı kesildi,Teknoloji
262,"NASA'dan meteor yağmuru açıklaması:  Geminid meteor yağmuru ne zaman, saat kaçta gerçekleşecek?",Teknoloji
263,NASA'nın Mars gezgini Perseverance gezegendeki bininci gününü kutluyor,Teknoloji
264,WhatsApp'a yeni özellik: Mesajlar sabitlenecek,Teknoloji
265,İngiltere'deki yargıçlar davalarda yapay zeka kullanabilecek,Teknoloji
266,Tesla'nın robotu insanların yerini alacak,Teknoloji
267,Samanyolu Galaksisi'ndeki yıldız patlamasının detayları kayıt altına alındı,Teknoloji
268,BM İklim Zirvesi COP28 sona erdi: Fosil yakıtlardan uzaklaşma anlaşması,Teknoloji
269,Apple'dan iPhone cihazlara yeni güvenlik özelliği,Teknoloji
270,"Yapay zeka projelerine 6,7 milyar lira destek verildi",Teknoloji
271,"Snapchat, yeni yapay zeka özelliğini tanıttı",Teknoloji
272,Rüzgar gücüyle çalışan kargo gemisi Canopée: ​Avrupa'nın en büyük roketini taşıyor,Teknoloji
273,Epic Games 2023 yılbaşı indirimi ne zaman?,Teknoloji
274,Meta'nın akıllı gözlükleri güncelleniyor: Yapay zeka kombin tavsiyesi verecek,Teknoloji
275,Selçuk Bayraktar'dan 2024 Teknofest açıklaması: Teknofest 2024 nerede ve ne zaman yapılacak?,Teknoloji
276,Steam'in ardından EA Play de katıldı: Türkiye'de dolarla satış başladı,Teknoloji
277,"Uzaya geri sayım: Son hazırlık tamam, yakında karantinaya girecek",Teknoloji
278,"Meta, Threads gönderilerinin doğruluğunu kontrol edecek",Teknoloji
279,X/Twitter'ın reklam gelirlerinde yüzde 50 düşüş,Teknoloji
280,Yapay zeka zihin okumaya başladı,Teknoloji
281,"""Floridalı Joker"", GTA 6 fragmanında yer aldığını fark edip 2 milyon dolar istedi",Teknoloji
282,FIFA'nın rakibi UFL'in çıkış tarihi belli oldu: UFL ne zaman çıkacak?,Teknoloji
283,Cristiano Ronaldo'dan UFL oyununa 40 milyon dolarlık yatırım: EA FC'ye rakip olacak,Teknoloji
284,Vegan olduğu belirtilen yiyecekler daha az tercih ediliyor,Teknoloji
285,Bilim insanlarından Güneş fırtınası uyarısı: Tren kazalarına neden olabilir,Teknoloji
286,PlayStation 5 Pro modeli GTA 6 ile birlikte gelebilir,Teknoloji
287,"The Day Before neden kapandı, nasıl iade edilir?",Teknoloji
288,"Orbit Fab, uzaya yakıt istasyonu kuracak",Teknoloji
289,"İnsan beyni dokusuyla ""Biyobilgisayar"" geliştirildi",Teknoloji
290,"iOS 17.2 yayınlandı: Apple'ın yeni uygulaması ""Journal""",Teknoloji
291,"Epic Games, Google'a açtığı tekel davasını kazandı",Teknoloji
292,Dünyanın en aktif hacker gruplarından birinin başındaki kişi İspanya'da yakalandı,Teknoloji
293,Yapay zeka 3 büyük arkeolojik gizemi çözebilir: Bilinmeyen diller okunabilir,Teknoloji
294,Bu yıl Türkiye'de en çok neler arandı? 2023 Google arama trendleri,Teknoloji
295,Scooterların hız sorunu: Şahsi olanlarda hız limiti yazılımla kaldırılabiliyor,Teknoloji
296,Çin'de tedarik zinciri fuarı,Teknoloji
297,Dinozorun son akşam yemeği: 75 milyon yaşında,Teknoloji
298,"AB, yapay zekayı düzenleyecek kurallarda anlaştı",Teknoloji
299,Piyanonun devleri 23. kez Antalya'da,Teknoloji
300,"Pençe-Kilit şehitleri, Şırnak’taki törenin ardından memleketlerine uğurlandı",Gündem
301,Şehit Aslan’ın komutanına gönderdiği video duygulandırdı,Gündem
302,Şehitlere yönelik suç içeren paylaşımlara soruşturma,Gündem
303,Ekipler 187 milyon liralık kaçak 15 lüks araca el koydu,Gündem
304,"Şehit babasının paylaşımı: Oğlum şehit oldu, ne mutlu bana",Gündem
305,Yoğun kar 1585 yolu ulaşıma kapattı,Gündem
306,"Dezenformasyonla Mücadele Merkezi, yalan içeriklerin önüne geçiyor",Gündem
307,Kargoya verilen kolilerden 110 bin uyuşturucu hap çıktı,Gündem
308,"10 il için ""turuncu"" ve ""sarı"" uyarı: Sağanak ve kara dikkat",Gündem
309,"Yargıtay, 'suratsız' ifadesini hakaret saymadı",Gündem
310,Bakan Yerlikaya: Operasyonlarla 37 milyon TL'lik vergi kaybı engellendi,Gündem
311,Irak'ın kuzeyinde 6 asker şehit oldu,Gündem
312,"BMGK'den Gazze için ""acil adım atılması"" kararı",Gündem
313,Yurt dışına giden hekimler Türkiye'ye dönüyor,Gündem
314,Bakan Yerlikaya: Operasyonlarla 37 milyon TL'lik vergi kaybı engellendi,Gündem
315,Şükür secdesi yapan Filistinli babadan Türkiye'ye teşekkür,Gündem
316,Kudüs'te TRT Haber yayınına müdahale,Gündem
317,Kalbi duran öğrenci öğretmeninin kalp masajıyla hayata tutundu,Gündem
318,"Cumhurbaşkanı Erdoğan, CHP Genel Başkanı Özel'den 50 bin lira tazminat kazandı",Gündem
319,Soğuğa yazılan destan: Sarıkamış Harekatı,Gündem
320,Öğrencilerin peşine takılan keçi okula girdi,Gündem
321,YSK'dan seçim sonuçları izleme genelgesi: Siyasi partiler anlık takip edebilecek,Gündem
322,WP: Şifa Hastanesi'nden tünellere çıkan bir yol olduğuna dair hiçbir kanıt yok,Gündem
323,32 ilde DEAŞ operasyonu: 304 gözaltı,Gündem
324,12 ile sarı ve turuncu uyarı: Kuvvetli yağışa dikkat,Gündem
325,Konya- Antalya karayolunda ulaşıma kar engeli,Gündem
326,Uluslararası uyuşturucu baronu Mersin'de yakalandı,Gündem
327,"Hatay'da 4,1 büyüklüğünde deprem",Gündem
328,Bakan Fidan: Bugüne kadar 1149 vatandaşımızı tahliye ettik,Gündem
329,WP: Şifa Hastanesi'nden tünellere çıkan bir yol olduğuna dair hiçbir kanıt yok,Gündem
330,"BMGK'daki ""Gazze"" oylaması 4. kez ertelendi",Gündem
331,"Hamas: Direniş grupları, saldırılar tamamen durmadan esir takasının konuşulmayacağı yönünde karar aldı",Gündem
332,Türkiye'de en uzun gece Sinop'ta yaşanacak,Gündem
333,Gazze'de hastanelerin hizmet dışı kalması nedeniyle yüzlerce yaralı yaşamını yitiriyor,Gündem
334,Parke taşıyla 35 aracın camını kırdı,Gündem
335,Seçim günü uygulanacak yasaklar belirlendi,Gündem
336,1 yılda 2 bin 120 terörist etkisiz hale getirildi,Gündem
337,FETÖ firarisi eski Yargıtay hakimi İzmir'de yakalandı,Gündem
338,İnsan Hakları İzleme Örgütü: META Filistinlilerin sesini susturuyor,Gündem
339,"Cinayet suçundan 48 yıl hapis yattı, suçsuz olduğu ortaya çıktı",Gündem
340,Zehir tacirlerine “Narkogüç-40” operasyonu: 1 ton 156 kilogram uyuşturucu ele geçirildi,Gündem
341,MİT ve Emniyet'ten DHKP-C operasyonu: Aranan örgüt üyesi yakalandı,Gündem
342,Irak'ın kuzeyinde 14 hedef imha edildi,Gündem
343,BMGK'daki Gazze oylaması 3. kez ertelendi,Gündem
344,Bayraktar TB3 SİHA havada rekor kırdı,Gündem
345,Togg dolandırıcılığı yapanların 60'ar yıla kadar hapsi isteniyor,Gündem
346,İsrail'in saldırılarında hayatını kaybedenlerin sayısı 20 bini aştı,Gündem
347,Bakan Bolat: 600 bin gizlenmiş araç stoklardan ortaya çıktı,Gündem
348,Gazze'deki Filistinli çocuk: Aç yatıyoruz,Gündem
349,Enkazdan onlarca canı kurtaran ekipler Adıyaman'a böyle geldi,Gündem
350,Meteoroloji'den 6 il için sağanak uyarısı,Gündem
351,"İsrail ""güvenli"" dediği Refah'ta hastane yakınını bombaladı",Gündem
352,Seçmen listelerinin askıya çıkma tarihi belli oldu,Gündem
353,Kapıkule Gümrük Kapısı'nda piton ele geçirildi,Gündem
354,"İstanbullular, yaşamlarının 3,5 yılını trafikte tüketiyor",Gündem
355,Yanan kamp ocağını eliyle dışarı atıp tekmeyle söndürdü,Gündem
356,DSÖ: Gazze'de sadece 8 hastane kısmi hizmet veriyor,Gündem
357,Filistinli gazeteci: İsrail güçleri onlarca kişiyi diri diri gömdü,Gündem
358,Silah kaçakçılarına 'Mercek-8' operasyonu: 1558 gözaltı,Gündem
359,1 Ocak'tan bugüne kadar 2 bin 84 terörist etkisiz hale getirildi,Gündem
360,Afyonkarahisar'da midibüs devrildi: 25 yaralı,Gündem
361,Akdeniz açıklarında 4 büyüklüğünde deprem,Gündem
362,"İsrail ordusunun, İsrailli esirleri beyaz bayrak taşıdıkları halde öldürdüğü ortaya çıktı",Gündem
363,Kuveyt Emiri Şeyh Nevvaf el-Ahmed el-Cabir es-Sabah hayatını kaybetti,Gündem
364,Bakan Yerlikaya: 11 ayda 1069 terörist etkisiz hale getirildi,Gündem
365,BM: Bombardıman altında Gazze'ye yardım ulaştırmak mümkün değil,Gündem
366,ABD'de bir öğrenci annesinin Filistin yanlısı paylaşımları nedeniyle okuldan atıldı,Gündem
367,"81 ilde ""Çember-9 Operasyonu: 2 bin 842 firari yakalandı",Gündem
368,Diyarbakır'da hırsızlara 'Albüm' operasyonu: 25 gözaltı,Gündem
369,İsrail Gazze'deki 3 İsrailli esiri 'yanlışlıkla' öldürdüğünü açıkladı,Gündem
370,Türk tarihinde ilk kez bir Göktürk kağanının yüzünün olduğu bir toka bulundu,Gündem
371,Gazze'deki yıkım 2. Dünya Savaşı ile yarışıyor,Gündem
372,İsrail polisinden gazetecilere sert müdahale,Gündem
373,İsrail'in yaraladığı ve ilk yardıma izin vermediği Al Jazeera kameramanı öldü,Gündem
374,Başkentte bisikletli çocuğa başıboş köpek saldırdı,Gündem
375,Çiftlikten kaçan deve kuşu yollara düştü,Gündem
376,"42 kişinin öldüğü binanın betonunun ""elle ufalanır"" durumda olduğu saptandı",Gündem
377,Siverek'te yavru aslan bulundu,Gündem
378,Çin ordu gazetesi: Türkiye savunma alanında yeni bir yol ortaya koydu,Gündem
379,İsrail ordusu okulu bombaladı: 5 ölü,Gündem
380,"Anadolu kuraklaşıyor, uzmanlar uyarıyor: Bir krizin eşiğindeyiz",Gündem
381,Şehitlerin kanı yerde kalmadı: Karayılan'ın koruması etkisiz,Gündem
382,Japonya yüzlerce sincabı itlaf etmeye karar verdi,Gündem
383,Milyonluk tarihi eserleri satarken suçüstü yakalandılar,Gündem
384,Aracındaki sopayla başka bir sürücüye böyle saldırdı,Gündem
385,Kırmızı bültenle aranan 2 kişi İstanbul'da yakalandı,Gündem
386,Faruk Koca 5 yıl hak mahrumiyeti cezası aldı,Gündem
387,İran'da polis karakoluna silahlı saldırı: 12 ölü,Gündem
388,Denizli'de maden ocağında göçük,Gündem
389,BM: İsrail'in Gazze'deki tünelleri tuzlu suyla doldurması sivillere ve çevreye ciddi zarar,Gündem
390,İstanbul'da en pahalı mezar yeri ücreti 69 bin 770 lira oldu,Gündem
391,Aydın'da LPG dönüşümü yapan iş yerinde patlama,Gündem
392,MİT'ten SİHA'lı operasyon: Yeşil kategoride aranan terörist etkisiz,Gündem
393,"Kassam Tugayları, İsrail askerleriyle karada çatıştığı görüntüleri yayınladı",Gündem
394,Sosyal medyada müstehcen yayına 6 gözaltı,Gündem
395,49 ilde zehir tacirlerine 'Narkogüç-39' operasyonu: 378 gözaltı,Gündem
396,Han Yunus ve Refah kentlerine yönelik saldırılarda en az 27 Filistinli öldürüldü,Gündem
397,"UNRWA: 2023, Batı Şeria'daki Filistinliler için en kanlı yıl",Gündem
398,Venezuela'da tiner yüklü kamyonun yol açtığı zincirleme kazada 18 kişi öldü,Gündem
399,Almanya'da camiye tehdit ve hakaret içerikli mektup gönderildi,Gündem
400,Asgari ücret zammı ne zaman belli olacak? Gözler 2024 asgari ücret zam toplantısında,Ekonomi
401,Borsaya yeni Türk savunma şirketi geliyor,Ekonomi
402,Avrupa'nın en yoğun havalimanı İstanbul Havalimanı oldu,Ekonomi
403,Asgari ücrette gözler 3. toplantıda,Ekonomi
404,Yerel yönetimlere 17 milyar lira çevre desteği,Ekonomi
405,Meclis'te bütçe maratonu bitiyor,Ekonomi
406,Ticaret Bakanlığı: İthalatta önlemler sürüyor,Ekonomi
407,Memur ve emekli maaş zammı ne zaman açıklanacak? Memur ve emeklilerin gözü enflasyonda,Ekonomi
408,512 şirkete dahilde işleme izni,Ekonomi
409,Ulaştırma ve Altyapı Bakanı Uraloğlu: Sabiha Gökçen'in yeni pisti Türkiye'nin ikinci büyüğü olacak,Ekonomi
410,"Çalışan emekliye 5000 TL ikramiye yattı mı, ne zaman yatırılacak? Gözler ikramiyelerin ödeneceği tarihte",Ekonomi
411,Prim borcu olan GSS'liler 2024'te sağlık hizmeti alabilecek,Ekonomi
412,İstanbul'da kiraların en çok arttığı 6 ilçe,Ekonomi
413,Piyasaları yılın son haftasında ne bekliyor?,Ekonomi
414,Reeskont faiz oranları yükseltildi,Ekonomi
415,Asgari ücrette kritik hafta,Ekonomi
416,Tarım Kredi Kooperatif Market aralık ayına özel yeni indirimli ürünler: Yılbaşına özel birçok üründe indirim (23-31 Aralık 2023 Tarım Kredi Market indirimleri),Ekonomi
417,TPAO'ya Adana'daki 2 saha için petrol işletme ruhsatı,Ekonomi
418,Merkez Bankası atamasında 'kripto varlık' detayı,Ekonomi
419,Cumhurbaşkanı Yardımcısı Yılmaz'dan enflasyon mesajı,Ekonomi
420,Enflasyon göstergesinde 'indirim' sinyali,Ekonomi
421,Mavi yaka beyaza fark attı: Vinç operatörü maaşı 150 bin TL,Ekonomi
422,A101 marketten bu haftaya özel yeni indirimli ürünler listesi (28 Aralık A101 aktüel ürünler kataloğu),Ekonomi
423,Mevduat faizi oranları güncellendi: Hangi banka ne kadar faiz veriyor? Faiz oranları yüzde kaç? (2023 aralık ayı güncel mevduat faizi oranları),Ekonomi
424,Şimşek: Borsa oyun alanı değildir,Ekonomi
425,"Bakan Bayraktar: Enerjide dışa bağımlılık yüzde 67,8'e geriledi",Ekonomi
426,BDDK Başkanı Kavcıoğlu'ndan kredi çağrısı,Ekonomi
427,El Salvador'da Bitcoin ile vatandaşlık dönemi,Ekonomi
428,Mevduat faizi yüzde 52'yi aştı,Ekonomi
429,"Çiftçilere 4,2 milyar liralık destekleme ödemesi yapılacak",Ekonomi
430,Aralık ayı tarımsal destekleme ödemeleri ne zaman yatırılacak? Bakan Yumaklı duyurdu,Ekonomi
431,Fitch ve SP ekonomistlerinden Türkiye yorumu: Politika değişikliği riskleri azalttı,Ekonomi
432,Merkez Bankası'ndan 17 yıl sonra ilk depo alım ihalesi,Ekonomi
433,"Türkiye 11 ayda 52,7 milyonun üzerinde ziyaretçi ağırladı",Ekonomi
434,İngiltere üçüncü çeyrekte daraldı,Ekonomi
435,Brent petrol fiyatı ne kadar oldu?,Ekonomi
436,Çeyrek altın fiyatları bugün ne kadar oldu? 22 Aralık 2023 güncel altın kuru fiyatları,Ekonomi
437,Dolar kuru bugün ne kadar? (22 Aralık 2023 dolar - euro fiyatları),Ekonomi
438,TPAO'nun 4 sahasında kamulaştırma kararı,Ekonomi
439,"Çalışan emekliye 5000 TL ikramiye yattı mı, ikramiyeler ne zaman ödenecek? Meclis'te yasalaşacağı tarih belli oldu (Çalışan emekliye 5000 TL ikramiye ödemelerinde son durum)",Ekonomi
440,Küresel rüzgar enerjisi kurulu gücü 140 gigavatı geçecek,Ekonomi
441,SPK'dan 24 kişi hakkında suç duyurusu,Ekonomi
442,Motorine zam geldi,Ekonomi
443,BİM markette bu haftanın yeni indirimli ürünler listesi (26 Aralık BİM güncel aktüel ürünler kataloğu),Ekonomi
444,ABD'de büyüme 3. çeyrekte beklentilerin altında,Ekonomi
445,Uzmanlar faiz kararını yorumladı,Ekonomi
446,Benzin ve motorin 2023 güncel fiyatları (21 Aralık 2023 akaryakıt fiyatları),Ekonomi
447,Politika faizi nedir? Politika faizi kararı basıl belirlenir?,Ekonomi
448,Bankacılık sektörünün mevduatı arttı,Ekonomi
449,Tüketici kredilerinde düşüş,Ekonomi
450,Merkez Bankası faiz kararı ne oldu? Faiz beklentisi neydi? (2023 TCMB aralık ayı PPK faiz kararı),Ekonomi
451,Merkez Bankası'ndan yeni adımlar,Ekonomi
452,Demir yollarında yapay zekalı sistem: Yolcu ve yük trenleri 7/24 takip edilecek,Ekonomi
453,Merkez Bankası rezervlerinde bir rekor daha,Ekonomi
454,Dolar kaç TL oldu? (21 Aralık 2023 dolar - euro fiyatları),Ekonomi
455,Kredi kartı faizleri değişmeyecek,Ekonomi
456,Çeyrek altın kaç TL oldu? 21 Aralık 2023 güncel altın satış fiyatları,Ekonomi
457,SON DAKİKA HABERİ: Merkez Bankası faiz kararını açıkladı,Ekonomi
458,"Türkiye, patent başvurularında dünyada ilk sıraları hedefliyor",Ekonomi
459,Otellerde yılbaşı hareketliliği,Ekonomi
460,"Asgari ücretle neler değişecek? İşsizlik maaşı, kıdem tazminatı, 65 yaş aylığı, GSS borcu...",Ekonomi
461,Arjantin'de yeni hükümet ilk protestosunu yaşadı,Ekonomi
462,Çiftçi Kayıt Sistemi'ne başvurular 2 Ocak'ta sona erecek,Ekonomi
463,JPMorgan'dan Türkiye yorumu: 2024'ün büyük hikayelerinden biri olabilir,Ekonomi
464,Brent petrol fiyatı ne kadar oldu?,Ekonomi
465,AB ülkeleri mali disiplin kurallarını gevşetmek için anlaştı,Ekonomi
466,Tarımsal girdi fiyatları ekimde yüzde yüzde 2 arttı,Ekonomi
467,"Toyota, 1,1 milyon aracını geri çağıracak",Ekonomi
468,Yılbaşı hindisine zam,Ekonomi
469,"Merkez Bankası faiz kararı ne zaman, saat kaçta? Ekonomistlerin faiz beklentisi ne yönde? (2023 TCMB aralık ayı PPK faiz kararı)",Ekonomi
470,ABD'nin ticari ham petrol stokları arttı,Ekonomi
471,Mahkemeden yüzde 25 kira zammıyla ilgili önemli karar,Ekonomi
472,Nükleer enerji tesislerine ilişkin para cezaları artırıldı,Ekonomi
473,Çalışan emekliye 5 bin TL ikramiye ödemesi ne zaman yatacak? Çiftçilere ikramiye verilecek mi? Açıklama geldi,Ekonomi
474,Şimşek: Programa Cumhurbaşkanımızın desteği tam,Ekonomi
475,Gözler Merkez Bankası'nın faiz kararında: Artış sürecek mi?,Ekonomi
476,Çeyrek altın fiyatları bugün ne kadar oldu? 20 Aralık 2023 güncel altın kuru fiyatları,Ekonomi
477,ABD’de cari açık son 2 yılın en düşük seviyesinde,Ekonomi
478,Özel okullarda ek KDV tartışması,Ekonomi
479,Birleşik Krallık'ta konut fiyatları geriledi,Ekonomi
480,The Economist açıkladı: 2023'ü ekonomik olarak en iyi geçiren ülkeler,Ekonomi
481,Yılbaşı çerezine zam,Ekonomi
482,Darphanede madeni 5 liranın basım aşaması,Ekonomi
483,Dolar kuru bugün ne kadar? (20 Aralık 2023 dolar - euro fiyatları),Ekonomi
484,Borsa günün ilk yarısında geriledi,Ekonomi
485,"""Eşyalarımı uygun fiyata satıyorum"" dolandırıcılığına dikkat!",Ekonomi
486,TCMB'den 250 baz puan faiz artış beklentisi,Ekonomi
487,Darphane’den madeni 5 liraların üzerindeki Atatürk rölyefi için açıklama,Ekonomi
488,Merkez Bankası faiz artışına devam eder mi?,Ekonomi
489,Özel gıda kontrol laboratuvarı işleten bazı teşebbüslere rekabet soruşturması,Ekonomi
490,Tüketici güven endeksi beş ayın zirvesinde,Ekonomi
491,Hal uyuşmazlıklarında parasal sınır değişti,Ekonomi
492,Brent petrol fiyatı ne kadar oldu?,Ekonomi
493,Küresel piyasalarda pozitif seyir,Ekonomi
494,Gözler asgari ücrette 3. toplantıda,Ekonomi
495,Benzine zam geldi,Ekonomi
496,Moody's'ten Türkiye raporu: Görünüm pozitife çevrilebilir,Ekonomi
497,Borsa günü düşüşle tamamladı,Ekonomi
498,ABD'de konut başlangıç sayısı beklentileri aştı,Ekonomi
499,Benzin ve motorin 2023 güncel fiyatları (19 Aralık 2023 akaryakıt fiyatları),Ekonomi
500,Bakan Güler: Irak ve Suriye’deki terör hedefleri kahraman pilotlarımız tarafından başarıyla vuruldular,Siyaset
501,"Bakan Güler, Irak sınır hattında",Siyaset
502,TBMM'den teröre karşı tepki,Siyaset
503,Cumhurbaşkanı Erdoğan: Kentlerimize yapılacak en büyük iyilik kentsel dönüşümdür,Siyaset
504,İsrail Gazze'de 20 bin 258 kişiyi öldürdü,Siyaset
505,Cumhurbaşkanı Erdoğan: Teröristlerin döktükleri kanın hesabı soruldu,Siyaset
506,MHP'den ittifak açıklaması,Siyaset
507,TBMM Dışişleri Komisyonu İsveç'i görüşecek,Siyaset
508,Cumhurbaşkanı Erdoğan: Ülkemize yönelik kaynak akışı daha da hızlanacak,Siyaset
509,Bakan Fidan Rus mevkidaşı Lavrov ile görüştü,Siyaset
510,MSB: ABD ile toplantı olumlu ve yapıcı bir havada geçti,Siyaset
511,İyi Parti'de görevden almalar sürüyor,Siyaset
512,KKTC: Türkiye'nin garantörlüğü vazgeçilmez kırmızı çizgimizdir,Siyaset
513,"İyi Parti Ankara Milletvekili Yüksel Arslan, partisinden istifa etti",Siyaset
514,"İsrailli askerler, Netanyahu ile görüşmeyi reddetti",Siyaset
515,"Cumhurbaşkanı Erdoğan, Kılıçdaroğlu'ndan kazandığı tazminatı Gazzeli çocuklara bağışladı",Siyaset
516,Hamas lideri ateşkes görüşmeleri için Kahire'de,Siyaset
517,"Cumhurbaşkanı Erdoğan, Sisi ile görüştü",Siyaset
518,Cumhurbaşkanı Erdoğan: Tarih bu iğrenç tabloya göz yumanları yargılayacak,Siyaset
519,Cumhurbaşkanı Erdoğan İstanbul'da parti teşkilatıyla buluşacak,Siyaset
520,Cumhurbaşkanı Erdoğan: Zalim İsrail saldırılarının önüne geçeceğimiz günler yakındır,Siyaset
521,MHP Genel Başkanı Bahçeli: Cumhur İttifakı mutabakata varmıştır,Siyaset
522,Cumhurbaşkanı Erdoğan'dan etkin Gazze diplomasisi,Siyaset
523,CHP Milletvekili Ali Fazıl Kasap Saadet Partisi'ne geçti,Siyaset
524,Salim Ensarioğlu İyi Parti'den istifa etti,Siyaset
525,Bakan Fidan bugün Oslo’ya gidecek,Siyaset
526,AB liderleri Rusya'ya yeni yaptırımlarda anlaştı,Siyaset
527,CHP'de 4 büyükşehir adayı belli oldu,Siyaset
528,"İyi Parti'de istifa, ihraç ve görevden alma haberleri ardı ardına geliyor",Siyaset
529,Bakan Fidan: Gazze'de ateşkes ile katliam arasında sadece ABD duruyor,Siyaset
530,Putin'den Erdoğan mesajı: Gazze'deki çabalarda öncü rol üstleniyor,Siyaset
531,Bakan Tunç: Somali Cumhurbaşkanı'nın oğlunun Türkiye'ye gelmesi ve yargılanması söz konusu,Siyaset
532,Yerel seçimde bir sandıkta 350 seçmen oy kullanacak,Siyaset
533,"İsrail: ABD ile anlaşmazlıklar mevcut, Gazze'de ateşkes olmayacak",Siyaset
534,Hackerlar İsrail ordusunun sitesini ele geçirdi: Gazze'ye destek mesajı yayımladı,Siyaset
535,Ukrayna: Çoğunluğu Odessa bölgesinde olmak üzere Rusya'ya ait 41 İHA'yı düşürdük,Siyaset
536,"Biden yönetimi çalışanları, Beyaz Saray önünde Gazze'de acil ateşkes çağrısında bulundu",Siyaset
537,Azerbaycan 2 askerine karşılık 32 Ermeni askerini serbest bıraktı,Siyaset
538,"Cumhurbaşkanı Erdoğan, Zekeriya Yapıcıoğlu'nu kabul etti",Siyaset
539,"Dünya 'Gazze'de katliam dursun' dedi, 10 ülke saldırıların devamını istedi",Siyaset
540,Cenazede yuhalanan CHP'den skandal! Şehit yakınlarına hakaret etti,Siyaset
541,"Sen PKK'nın sözcüsü müsün, alçak herif?",Siyaset
542,Saadet Partisi nereye koşuyor? Bunu da mı görecektik!,Siyaset
543,Yumruklanıp mağduru mu oynamak istedin?,Siyaset
544,"CHP'de ''ortak bildiri'' çatlağı! O CHP’li vekil, partisine posta koyup imzayı böyle bastı",Siyaset
545,Seçim için görüşeceğiz! İktidarın adayına destek verebiliriz,Siyaset
546,Utanmadan bir de milletle dalga geçiyorlar!,Siyaset
547,Konuştukça batıyorlar! Bildiriye imza atmayan CHP’den şaka gibi savunma,Siyaset
548,Yerli halkı ve turistleri isyan ettiren başkan!,Siyaset
549,Bay Kemal’den akıllara zarar ifadeler! Yanlış okumuyorsunuz aynen böyle söylüyor,Siyaset
550,"HDP yetmez, işbirliği yapan kim var ise hepsini kapatın!",Siyaset
551,"İçişleri Bakanı Ali Yerlikaya ile ilgili o iddia, gündeme bomba gibi düşmüştü! Gerçek bambaşka çıktı",Siyaset
552,Başkan Erdoğan'dan kentsel dönüşüm açıklaması: 1.5 milyon lira destek verilecek,Siyaset
553,İşte Yeniden Refah'ın İstanbul adayı! Canlı yayında açıkladı! Hiç kimse bunu beklemiyordu,Siyaset
554,İmamoğlu ve Yavaş’ın karşısına çıkacak isimler belli oldu! İşte isim isim aday listesi,Siyaset
555,İYİ Parti'de şok iddia! Bu olursa ortalık yangın yerine döner,Siyaset
556,İYİ Parti'de büyük şok! Akşener bunu duyunca düşüp bayılacak,Siyaset
557,AK Parti büyükşehirlerde bu ilçeleri MHP'ye bıraktı! İşte herkesin merak ettiği o liste,Siyaset
558,"Bugüne kadar adı geçen isimlerin hepsini unutun! Bomba iddia: Erdoğan, İstanbul için onu aday gösterecek",Siyaset
559,Erdoğan'a olay olacak Selçuk Bayraktar talebi! 'Bu bilgi doğru bilgi' dedi ve açıkladı,Siyaset
560,Cumhurbaşkanı Erdoğan'ı şaşırtan olay! 28 yıl sonra...,Siyaset
561,Türkiye şehitlerine ağlarken Özgür Özel'in mesajına tepki yağdı,Siyaset
562,Cumhurbaşkanı Erdoğan 'Çocuklarımın ömründen alsın size versin' diyen AK Partili Başkana bakın ne yanıt verdi,Siyaset
563,'Odayı temiz tut 31 Mart'ta geliyorum' diyen CHP'li adaya AK Partili Murat Köse'den bomba cevap,Siyaset
564,TBMM Başkanvekili Sırrı Süreyya Önder hastaneye kaldırıldı,Siyaset
565,Son dakika! AK Parti ve MHP'den yerel seçim kararı... Resmen ilan edildi,Siyaset
566,Yeniden Refahlı Ali Yüksel: İsrail Habat örgütünün kontrolünde!,Siyaset
567,Yılmaz’dan “Kanlı Noel” mesajı…,Siyaset
568,"O iddia gündeme bomba gibi düştü! AK Parti'nin büyükşehir adayı, o eski CHP milletvekili olacak! Erdoğan'ın kararını teşkilata bildirdiği söyleniyor",Siyaset
569,Dün Kemal bugün Özgür! Erdoğan yine kazandı,Siyaset
570,Cumhur İttifakı’nda gündem Yeniden Refah Partisi! Fatih Erbakan AK Parti’den hangi ili istedi? İşte kulislerde konuşulanlar…,Siyaset
571,Naci Görür belediye başkanlığı teklifine ilişkin konuştu! Aday olacak mı?,Siyaset
572,İYİ Partili Taner adaylıktan çekildi,Siyaset
573,"Son dakika gelişmesi! AK Parti, 81 ilin başkanlarını belirledi! Tüm Türkiye’ye ilan ettiler",Siyaset
574,Cumhurbaşkanı Erdoğan'dan flaş “yerel seçim” açıklaması! Adaylarımız…,Siyaset
575,AK Parti’den flaş “yerel seçim” adımı! Aldıkları kararı böyle duyurdular,Siyaset
576,Aç kapıyı Veysel efendi onlar da gidiyor! İYİ Parti’de yeni istifa dalgası,Siyaset
577,Saadet Partisi’nde çelişki içinde çelişki!,Siyaset
578,YSK'dan 'veri' kararı!,Siyaset
579,CHP'de 3'ü büyükşehir 9 ilin adayı açıklandı!,Siyaset
580,Eski bakan Necmettin Cevheri vefat etti,Siyaset
581,Dışişleri Sözcüsü Bilgiç: Türkiye'nin kimseden tarih dersi almaya ihtiyacı yoktur,Siyaset
582,SON DAKİKA: Cumhurbaşkanı Erdoğan'dan ödül töreninde dikkat çeken mesaj! ''Mahalle baskısını reddediyoruz'',Siyaset
583,İSİPAB’ın İsveç tepkisinde Türkiye vurgusu,Siyaset
584,Cumhurbaşkanını görmek için 6 çocuğuyla Fransa’dan geldi,Siyaset
585,TBMM Genel Kurulu toplandı,Siyaset
586,Cumhurbaşkanı Başdanışmanı Topçu'dan '10 Ocak Çalışan Gazeteciler Günü' mesajı,Siyaset
587,Aygün Attar'dan HDP'li Garo Paylan'a sert tepki,Siyaset
588,"Tanju Özcan'dan sigara uygulaması: Belediyede, içmeyen daha fazla maaş alacak",Siyaset
589,İyi Parti Milletvekili Örs'ten hastane çıkışı açıklama,Siyaset
590,‘F-16 konusunda olumlu ve somut adım bekliyoruz’,Siyaset
591,"TBMM Başkanı Şentop, Sırbistan Ulusal Meclis Başkanı Orliç ile görüştü",Siyaset
592,"Gençler için işte maaş, hayatta özgürlük önemli",Siyaset
593,‘Büyükanıt uzaklaştırdı Yalman geri yolladı’,Siyaset
594,"‘Danışmanlık alıyoruz, transfer etmiyoruz’",Siyaset
595,‘Ucuz doğal gazda 3’üncü sıradayız’,Siyaset
596,İYİ Parti’li Örs yoğun bakımdan çıktı,Siyaset
597,Bütçe maratonu gergin başladı! Vekiller birbirine girdi,Siyaset
598,Kardeşlerden ortak tatbikat! İran'ın gözdağına yanıt,Siyaset
599,‘Asgari ücret 9600 TL olmalı’,Siyaset
